client_id,total_samples,class_0,class_1,class_2,class_3,class_4,class_5,class_6,class_7,class_8,class_9
0,6000,624,654,572,589,580,551,580,633,585,632
1,6000,551,668,602,630,596,553,597,666,575,562
2,6000,630,672,585,627,550,549,610,638,570,569
3,6000,559,678,563,638,608,562,629,579,575,609
4,6000,592,657,598,593,596,552,606,642,551,613
5,6000,600,671,625,596,553,544,582,623,630,576
6,6000,590,696,609,626,644,533,545,611,574,572
7,6000,605,659,588,667,576,511,562,615,587,630
8,6000,583,713,627,587,555,536,598,635,579,587
9,6000,589,674,589,578,584,530,609,623,625,599
