round,selected_clients,num_selected,avg_client_loss,test_accuracy,test_loss
0,"[1, 0, 4, 9, 6, 5, 8, 2, 3, 7]",10,0.5246265271619865,0.7965,1.06672210842371
1,"[0, 9, 1, 7, 6, 4, 8, 2, 3, 5]",10,0.14987788652812756,0.9591,0.13598878479097037
2,"[3, 7, 4, 6, 0, 1, 9, 8, 2, 5]",10,0.07645342482115691,0.9721,0.08907054405426607
3,"[3, 5, 1, 0, 9, 6, 2, 7, 8, 4]",10,0.057202530761836935,0.9806,0.05877998199066496
4,"[7, 8, 1, 3, 0, 4, 2, 6, 9, 5]",10,0.04705585270046746,0.9833,0.05329053942405153
5,"[1, 0, 3, 6, 2, 8, 9, 4, 7, 5]",10,0.04300366690683734,0.984,0.048142004988039847
6,"[7, 5, 2, 9, 6, 1, 8, 3, 0, 4]",10,0.03652669747209175,0.9863,0.0442473895749572
7,"[8, 3, 2, 9, 6, 7, 1, 4, 5, 0]",10,0.03734627092807369,0.9857,0.04457910188575624
8,"[3, 0, 5, 9, 2, 8, 1, 7, 6, 4]",10,0.03187914561192396,0.9862,0.04232469695052714
9,"[7, 6, 9, 1, 2, 8, 4, 5, 3, 0]",10,0.029351678611700644,0.9864,0.04322308188657189
